{
    "Kontaktdaten": {
        "Name": "Keiser",
        "Vorname": "Max",
        "Strasse": "Ackerweg",
        "Hausnummer": 8,
        "Ort": "Lenzburg",
        "Postleitzahl": 5600,
        "Email": "max.keiser0117@gmx.ch",
        "Telefon": "071 253 88 76",
        "Mobile": "071 255 88 77",
        "Kundennummer": 1829375302,
        "AHV-Nr.": "756.9876.3456.01",
        "Bank": "RB St. Gallen",
        "Anrede": "per Sie"
    },
    "Anstehender Beratungstermin": {
        "Gesprächsziel": "Verlängerung der Hypothek",
        "Datum und Uhrzeit": "10.3.2025, 15:00 - 16:00 Uhr",
        "Quelle": "OTV"
    },
    "Arbeitswelt und Finanzen": {
        "Beruf": "Cyber Security Engineer",
        "Arbeitgeberin": "AKW Gösgen",
        "Beschäftigungsgrad": "100%",
        "Einkommen": 135000,
        "Ausgabe": 110000,
        "Sparquote": 25000,
        "Kontovermögen": 156000,
        "Anlagevermögen": 25400,
        "Vorsorge & Freizügigkeit": 74800,
        "Festhypothek (10 Jahre)": 550000,
        "SARON Hypothek": 250000
    },
    "Zahlungsverhalten & Interessen": {
        "Zahlungsverhalten": [
            "Fremdbankbeziehung bei UBS mit Transaktionen von 45000 CHF Zufluss und 10000 CHF Abfluss"
        ],
        "Interessen": [
            "Mit Memberplus 3 Mal Skigutscheine und 1 Mal Museumseintritte bestellt und genutzt"
        ]
    },
    "Wohnsituation": {
        "Typ": "Eigentum",
        "Objektart": "Einfamilienhaus",
        "Baujahr": 2008,
        "Zustand": "Gut",
        "Wert": 1500000,
        "Personen": 4
    },
    "Person und Umfeld": {
        "Alter": 46,
        "Geburtsdatum": "01/17/1979",
        "Zivilstand": "Verheiratet",
        "Ehepartner(-In)": "Nadine Paule Keiser",
        "Kinder": 2,
        "Verbindungen": [
            {
                "Name": "Nadine Paule Keiser",
                "Segment": "Privatkundin",
                "Beziehungstyp": "Ehefrau"
            },
            {
                "Name": "Lukas Keiser",
                "Segment": "Jugendkunde",
                "Beziehungstyp": "Kind"
            },
            {
                "Name": "Renato Keiser",
                "Segment": "Jugendkunde",
                "Beziehungstyp": "Kind"
            }
        ],
        "Hobbies": [
            "Reisen",
            "Golf",
            "Ski fahren"
        ]
    },
	"Produktnutzung und Eignung": {
		"Nutzung": {
			"pv_festhypothek_flag": true,
            "pv_saronflexhypothek_flag": true,
            "pv_ebankingvertrag_flag": true,
            "pv_festdarlehen_flag": false,
            "pv_freizuegigkeitsdepot_flag": false,
            "pv_freizuegigkeitskonto_flag": false,
            "pv_raiffeisenrio_flag": false,
            "pv_beratungsmandat_flag": false,
            "pv_debitmastercard_flag": false,
            "pv_visadebit_flag": true,
            "pv_kontokorrent_flag": false,
            "pv_visacardgold_eur_usd_flag": false,
			"pv_visacardclassic_flag": true,
            "pv_worldmastercardgold_eur_usd_flag": false,
            "pv_prepaidmastercard_flag": false,
            "pv_prepaidvisacard_flag": false,
            "pv_privatkonto_flag": true,
            "pv_mitgliedersparkonto_flag": true,
            "pl_vermoegensverwaltungsmandate_flag": false,
            "pv_anteilschein_flag": false,
            "pv_fondsspardepot_flag": false,
            "pv_twint_flag": false,
            "pv_youngmemberprivatkonto_flag": false,
            "pv_vorsorgedepot_flag": false,
            "pv_vorsorgekonto3a_flag": true,
            "pv_wertschriftendepot_flag": true
		},
		"Eignung": {
			"pv_festhypothek_eignung_flag": false,
			"pv_saronflexhypothek_eignung_flag": false,
            "pv_ebankingvertrag_eignung_flag": false,
            "pv_festdarlehen_eignung_flag": true,
            "pv_freizuegigkeitsdepot_eignung_flag": false,
            "pv_freizuegigkeitskonto_eignung_flag": false,
            "pv_raiffeisenrio_eignung_flag": true,
            "pv_beratungsmandat_eignung_flag": true,
            "pv_debitmastercard_eignung_flag": true,
            "pv_visadebit_eignung_flag": false,
			"pv_visacardclassic_eignung_flag": false,
            "pv_kontokorrent_eignung_flag": true,
            "pv_visacardgold_eur_usd_eignung_flag": true,
            "pv_worldmastercardgold_eur_usd_eignung_flag": true,
            "pv_prepaidmastercard_eignung_flag": true,
            "pv_prepaidvisacard_eignung_flag": true,
            "pv_privatkonto_eignung_flag": false,
            "pv_mitgliedersparkonto_eignung_flag": false,
            "pl_vermoegensverwaltungsmandate_eignung_flag": true,
            "pv_anteilschein_eignung_flag": true,
            "pv_fondsspardepot_eignung_flag": true,
            "pv_twint_eignung_flag": true,
            "pv_youngmemberprivatkonto_eignung_flag": false,
            "pv_vorsorgedepot_eignung_flag": true,
            "pv_vorsorgekonto3a_eignung_flag": false,
            "pv_wertschriftendepot_eignung_flag": false
		},
		"Score": {
			"pv_festdarlehen_score": 0.00,
			"pv_raiffeisenrio_score": 0.26,
			"pv_beratungsmandat_score": 0.83,
			"pv_debitmastercard_score": 0.55,
			"pv_kontokorrent_score": 0.20,
			"pv_visacardgold_eur_usd_score": 0.28,
			"pv_worldmastercardgold_eur_usd_score": 0.28,
			"pv_prepaidmastercard_score": 0.00,
			"pv_prepaidvisacard_score": 0.00,
			"pl_vermoegensverwaltungsmandate_score": 0.92,
			"pv_anteilschein_score": 0.51,
			"pv_vorsorgedepot_score": 0.91,
			"pv_fondsspardepot_score": 0.12,
			"pv_twint_score": 0.89
		}
	},
    "Pendenzen": [
        "Vollmacht von Ehefrau unterschreiben",
        "Erneuerung Ausweiskopie",
        "eMail-Adresse überprüfen",
		"Festhypothek (10J) läuft am 31.7.2025 aus"
    ],
    "Vertriebschancen": [
        "Hohe Liquidität",
		"Verfügt über ein Vorsorgekonto 3a, aber noch kein Vorsorgedepot.",
        "Fremdbankbeziehung bei UBS mit Transaktionen von 45000 CHF Zufluss und 10000 CHF Abfluss.",
		"Potenzielle Erhöhung der Hypothek für die Aufrüstung mit einer Photovoltaikanlage."
    ],
    "Kundeninteraktion & Zufriedenheit": {
        "Zufriedenheit": "Unzufrieden",
        "Kundeninteraktionen": [
            {
                "Titel": "Marketing-E-Mail: Mitgliedervorteile",
                "Datum": "01.02.2025",
                "Inhalt": "Marketing-E-Mail mit Ankündigung Mitgliedervorteile für Wanderungen, Fahrradtouren und Naturerkundungen."
            },
            {
                "Titel": "Marktausblick 2025",
                "Datum": "17.01.2025",
                "Inhalt": "CIO Matthias Geissbühler gibt einen Ausblick zu den Erwartungen an die globalen Aktien- und Obligationenmärkte."
            },
            {
                "Titel": "Abgesagte Beratungstermine",
                "Datum": "01.12.2024",
                "Inhalt": "Max Keiser hat 2 Beratungstermine abgesagt."
            },
            {
                "Titel": "Telefonanruf im Call Center",
                "Datum": "01.11.2024",
                "Inhalt": "Telefonanruf seiner Frau im Call Center aufgrund Login-Problemen im E-Banking. Mögliche TWINT-Nutzung wurde angesprochen."
            },
            {
                "Titel": "Einladung zur Generalversammlung",
                "Datum": "01.09.2024",
                "Inhalt": "Einladung zur Generalversammlung per Brief verschickt."
            },
            {
                "Titel": "Nachfrage zum Follow-up",
                "Datum": "06.08.2024",
                "Inhalt": "Telefon vom Kunden mit Nachfrage zum Follow-up des abgesagten Beratungstermins."
            },
            {
                "Titel": "Abgesagtes Beratungsgespräch",
                "Datum": "01.07.2024",
                "Inhalt": "Abgesagtes Beratungsgespräch, weil Kundenberater krank."
            },
            {
                "Titel": "Beratungsgespräch zum Anlegen",
                "Datum": "01.08.2023",
                "Inhalt": "Beratungsgespräch zum Thema Anlegen, keine Details bekannt."
            },
            {
                "Titel": "Beratungsgespräche zur Finanzierung Eigenheim",
                "Datum": "01.02.2014",
                "Inhalt": "Zwei Beratungsgespräche zur Finanzierung Eigenheim."
            }
        ]
    },
    "Handlungsempfehlen": [
	    "Folgetermin vorschlagen um Max Keiser die Produkte 'Anlageberatung' und 'Anlageberatung Vorsorge' zu besprechen.",
        "Es gibt Potenzial zur Erhöhung der Hypothek für eine Renovation mit Verbundenen Steuerersparnissen, Mitigation von Naturgefahren oder einer Installation einer PV-Anlage identifiziert.",
        "Besprechen der Versicherungssituation und allfälligen Lead für Beratungsgesprächsvermittlung an Helvetia prüfen.",
        "Für die Eltern des Kunden kann vorsichtig eine Nachlassplanung vorgefühlt werden.",
        "Die Raiffeisen Immomakler könnten bei Veränderung der Wohnsituation oder im Immo-Portfolio unterstützen.",
        "Potenzial für ein VV-Mandat",
		"Potenzial für ein Vorsorgedepot"
    ],
    "Do's and Dont's": {
        "Do": [
            "Folgetermin vorschlagen um Max Keiser die Produkte 'Anlageberatung' und 'Anlageberatung Vorsorge' zu besprechen."
        ],
        "Dont": [
            "Nicht proaktiv auf diese Fremdbankbeziehung ansprechen",
            "Nicht proaktiv auf den möglichen Familienzuwachs ansprechen",
            "Nicht proaktiv auf die Nachlassplanung für die Eltern des Kunden ansprechen"
        ]
    },
    "Blocker": {
        "blocker_analytik_flag": false,
        "blocker_kampagne_flag": false,
        "blocker_cid_flag": false,
        "blocker_anlageberatung_flag": false,
        "blocker_basisprodukte_flag": false,
        "blocker_beratungbasisloesungenprivatekunden_flag": false,
        "blocker_beratungsmandate_flag": false,
        "blocker_beratungvorsorgeauftrag_flag": false,
        "blocker_briefkorrespondenz_flag": false,
        "blocker_darlehen_flag": false,
        "blocker_direktanlagen_flag": false,
        "blocker_ebanking_flag": false,
        "blocker_email_flag": false,
        "blocker_emailkampagnen_flag": false,
        "blocker_finanzierungsberatungwohneigentum_flag": false,
        "blocker_finanzundpensionsberatung_flag": false,
        "blocker_grundberatungprivatekunden_flag": false,
        "blocker_hypotheken_flag": false,
        "blocker_informationsanlass_flag": false,
        "blocker_kundenbetreuung_flag": false,
        "blocker_kundengeschenk_flag": false,
        "blocker_kurznachrichtendienstesms_flag": false,
        "blocker_modernisierungsberatung_flag": false,
        "blocker_nachlassberatung_flag": false,
        "blocker_nichtlebenversicherung_flag": false,
        "blocker_pensionscheck_flag": false,
        "blocker_persoenlicheangebote_flag": false,
        "blocker_sparkonten_flag": false,
        "blocker_suchundkaufberatung_flag": false,
        "blocker_telefonfestnetz_flag": false,
        "blocker_telefonmobile_flag": false,
        "blocker_transaktionskonten_flag": false,
        "blocker_vermoegensverwaltungsmandate_flag": false,
        "blocker_verwalteteanlagen_flag": false,
        "blocker_vorsorge3aversicherung_flag": false,
        "blocker_vorsorgekonto_flag": false,
        "blocker_vorsorgeplan3erinnerungsmailing_flag": false,
        "blocker_vorsorgeundabsicherungsberatung_flag": false,
        "blocker_wertschriftenverwaltung_flag": false,
        "blocker_zahlungsmitteldebit_flag": false,
        "blocker_zahlungsmittelkredit_flag": false,
        "blocker_zahlungsverkehr_flag": false
    }
}