{
    "Kontaktdaten": {
        "Name": "Meier",
        "Vorname": "Sara",
        "Strasse": "Blumenweg",
        "Hausnummer": 12,
        "Ort": "St. Gallen",
        "Postleitzahl": 9000,
        "Email": "sara.meier@student.ch",
        "Telefon": "071 123 45 67",
        "Mobile": "079 987 65 43",
        "Kundennummer": 1234567890,
        "AHV-Nr.": "756.1234.5678.90",
        "Bank": "RB St. Gallen",
        "Anrede": "per Sie"
    },
    "Anstehender Beratungstermin": {
        "Gesprächsziel": "Information über Kreditkarte und YoungMember Student",
        "Datum und Uhrzeit": "21.2.2025, 14:00 - 15:00 Uhr",
        "Quelle": "OTV"
    },
    "Arbeitswelt und Finanzen": {
        "Beruf": "Wirtschaftsstudentin",
        "Arbeitgeberin": null,
        "Beschäftigungsgrad": null,
        "Einkommen": null,
        "Ausgabe": 25600,
        "Sparquote": null,
        "Kontovermögen": 7540,
        "Anlagevermögen": 0,
        "Vorsorge & Freizügigkeit": null,
        "Festhypothek (10 Jahre)": 0,
        "SARON Hypothek": 0
    },
    "Zahlungsverhalten & Interessen": {
        "Zahlungsverhalten": null,
        "Interessen": [
            "Reisen"
        ]
    },
    "Wohnsituation": {
        "Typ": "Mietwohnung",
        "Objektart": null,
        "Baujahr": null,
        "Zustand": null,
        "Wert": null,
        "Personen": null
    },
    "Person und Umfeld": {
        "Alter": 19,
        "Geburtsdatum": "17.8.2005",
        "Zivilstand": "ledig",
		"Segment": "Privatkunde",
        "Verbindungen": [
            {
                "Name": "Sandro Meier",
                "Segment": "Privatkunde",
                "Beziehungstyp": "Eltern"
            },
            {
                "Name": "Miriam Meier",
                "Segment": "Privatkundin",
                "Beziehungstyp": "Eltern"
            }
        ],
		"Segment_Eltern": "Privatkunde",
        "Hobbies": "Reisen"
    },
    "Produktnutzung und Eignung": {
        "Nutzung": {
            "pv_festhypothek_flag": false,
            "pv_saronflexhypothek_flag": false,
            "pv_ebankingvertrag_flag": true,
            "pv_festdarlehen_flag": false,
            "pv_freizuegigkeitsdepot_flag": false,
            "pv_freizuegigkeitskonto_flag": false,
            "pv_raiffeisenrio_flag": false,
            "pv_beratungsmandat_flag": false,
            "pv_debitmastercard_flag": true,
            "pv_visadebit_flag": false,
            "pv_kontokorrent_flag": false,
            "pv_visacardgold_eur_usd_flag": false,
            "pv_visacardclassic_flag": false,
            "pv_worldmastercardgold_eur_usd_flag": false,
			"pv_youngmember_student_flag": false
            "pv_prepaidmastercard_flag": false,
            "pv_prepaidvisacard_flag": false,
            "pv_privatkonto_flag": true,
            "pv_mitgliedersparkonto_flag": false,
			"pv_jugendsparkonto_flag": true,
            "pl_vermoegensverwaltungsmandate_flag": false,
            "pv_anteilschein_flag": false,
            "pv_fondsspardepot_flag": false,
            "pv_twint_flag": true,
            "pv_youngmemberprivatkonto_flag": true,
            "pv_vorsorgedepot_flag": false,
            "pv_vorsorgekonto3a_flag": false,
            "pv_wertschriftendepot_flag": false
        },
        "Eignung": {
            "pv_festhypothek_eignung_flag": false,
            "pv_saronflexhypothek_eignung_flag": false,
            "pv_ebankingvertrag_eignung_flag": false,
            "pv_festdarlehen_eignung_flag": false,
            "pv_freizuegigkeitsdepot_eignung_flag": false,
            "pv_freizuegigkeitskonto_eignung_flag": false,
            "pv_raiffeisenrio_eignung_flag": false,
            "pv_beratungsmandat_eignung_flag": false,
            "pv_debitmastercard_eignung_flag": false,
            "pv_visadebit_eignung_flag": false,
            "pv_kontokorrent_eignung_flag": false,
            "pv_visacardgold_eur_usd_eignung_flag": true,
            "pv_worldmastercardgold_eur_usd_eignung_flag": true,
			"pv_youngmember_student_eignung_flag": true,
            "pv_prepaidmastercard_eignung_flag": false,
            "pv_prepaidvisacard_eignung_flag": false,
            "pv_privatkonto_eignung_flag": false,
            "pv_mitgliedersparkonto_eignung_flag": false,
			"pv_jugendsparkonto_eignung_flag": false,
            "pl_vermoegensverwaltungsmandate_eignung_flag": false,
            "pv_anteilschein_eignung_flag": false,
            "pv_fondsspardepot_eignung_flag": false,
            "pv_twint_eignung_flag": false,
            "pv_youngmemberprivatkonto_eignung_flag": false,
            "pv_vorsorgedepot_eignung_flag": false,
            "pv_vorsorgekonto3a_eignung_flag": false,
            "pv_wertschriftendepot_eignung_flag": false
        },
        "Score": {
			"pv_youngmember_student_score": 0.93,
            "pv_visacardgold_eur_usd_score": 0.85,
            "pv_worldmastercardgold_eur_usd_score": 0.85
        }
    },
    "Pendenzen": [
        "Aktuelle ID-Kopie mitbringen"
    ],
    "Vertriebschancen": [
		"Sie studiert Wirtschaft an der Universität St. Gallen. YoungMember Student ist ein passendes Produkt für sie."
	],
    "Kundeninteraktion & Zufriedenheit": {
        "Zufriedenheit": "Neutral",
        "Kundeninteraktionen": [
            {
                "Titel": "Steuererklärung ausfüllen",
                "Datum": "31.01.2025",
                "Inhalt": "Kostenloser Kurs zum Ausfüllen der ersten Steuererklärungen. Auf was ist zu achten? Wo finde ich Hilfe."
            },
            {
                "Titel": "Anfrage zu Kreditkarten",
                "Datum": "11.12.2024",
                "Inhalt": "Sara Meier hat uns per Mail kontaktiert und möchte mehr über Kreditkarten erfahren. Sie schrieb, dass sie gerne reisen möchte und darum eine Kreditkarte braucht."
            },
            {
                "Titel": E-Mail-Kampagne über Kreditkarten",
                "Datum": "11.11.2024",
                "Inhalt": "Sara Meier hat eine E-Mail-Kampagne über Kreditkarten gelesen."
            },
            {
                "Titel": "Termin für Kontovollmacht",
                "Datum": "11.02.2024",
                "Inhalt": "Treffen mit Sara Meier wegen ihrer Verfügung über die Kontovollmacht."
            },
            {
                "Titel": "Eröffnung Jugendsparkonto",
                "Datum": "11.02.2009",
                "Inhalt": "Die Eltern von Sara Meier haben ein Jugendsparkonto für Sara Meier eröffnet."
            }
        ]
    },
    "Handlungsempfehlen": [
        "Die Interessen und Bedürfnisse von Sara Meier kennenlernen.",
        "Information über Kreditkarten bereitstellen, die Vorteile von YoungMember Student aufzeigen, und mögliche Optionen besprechen."
    ],
    "Do's and Dont's": {
        "Do": [],
        "Dont": []
    },
    "Blocker": {
        "blocker_analytik_flag": false,
        "blocker_kampagne_flag": false,
        "blocker_cid_flag": false,
        "blocker_anlageberatung_flag": false,
        "blocker_basisprodukte_flag": false,
        "blocker_beratungbasisloesungenprivatekunden_flag": false,
        "blocker_beratungsmandate_flag": false,
        "blocker_beratungvorsorgeauftrag_flag": false,
        "blocker_briefkorrespondenz_flag": false,
        "blocker_darlehen_flag": false,
        "blocker_direktanlagen_flag": false,
        "blocker_ebanking_flag": false,
        "blocker_email_flag": false,
        "blocker_emailkampagnen_flag": false,
        "blocker_finanzierungsberatungwohneigentum_flag": false,
        "blocker_finanzundpensionsberatung_flag": false,
        "blocker_grundberatungprivatekunden_flag": false,
        "blocker_hypotheken_flag": false,
        "blocker_informationsanlass_flag": false,
        "blocker_kundenbetreuung_flag": false,
        "blocker_kundengeschenk_flag": false,
        "blocker_kurznachrichtendienstesms_flag": false,
        "blocker_modernisierungsberatung_flag": false,
        "blocker_nachlassberatung_flag": false,
        "blocker_nichtlebenversicherung_flag": false,
        "blocker_pensionscheck_flag": false,
        "blocker_persoenlicheangebote_flag": false,
        "blocker_sparkonten_flag": false,
        "blocker_suchundkaufberatung_flag": false,
        "blocker_telefonfestnetz_flag": false,
        "blocker_telefonmobile_flag": false,
        "blocker_transaktionskonten_flag": false,
        "blocker_vermoegensverwaltungsmandate_flag": false,
        "blocker_verwalteteanlagen_flag": false,
        "blocker_vorsorge3aversicherung_flag": false,
        "blocker_vorsorgekonto_flag": false,
        "blocker_vorsorgeplan3erinnerungsmailing_flag": false,
        "blocker_vorsorgeundabsicherungsberatung_flag": false,
        "blocker_wertschriftenverwaltung_flag": false,
        "blocker_zahlungsmitteldebit_flag": false,
        "blocker_zahlungsmittelkredit_flag": false,
        "blocker_zahlungsverkehr_flag": false
    }
}
